Position,Const,Created,Modified,Description,Title,Original Title,URL,Title Type,IMDb Rating,Runtime (mins),Year,Genres,Num Votes,Release Date,Directors
1,tt0217869,2013-08-12,2013-08-22,"An introductory poster to the greatest superhero movie of the millennium. This is the best deconstruction of the 'real-life superhero' genre and it came at a time when said genre barely even existed. M. Night Shyamalan’s 'Unbreakable' is the ultimate real world superhero film, stripping down the origin story elements to their very core while ruminating on the philosophical and myth-based folklore that gave rise to most of the modern gritty superhero stories in the first place.","Unbreakable","Unbreakable",https://www.imdb.com/title/tt0217869/,Movie,7.3,106,2000,"Drama, Mystery, Sci-Fi, Thriller",467742,2000-11-22,"M. Night Shyamalan"
2,tt0120903,2011-10-26,2011-10-26,,"X-Men","X-Men",https://www.imdb.com/title/tt0120903/,Movie,7.3,104,2000,"Action, Adventure, Sci-Fi",691757,2000-07-14,"Bryan Singer"
3,tt0134847,2013-11-27,2013-11-27,,"Pitch Black","Pitch Black",https://www.imdb.com/title/tt0134847/,Movie,7.0,109,2000,"Horror, Sci-Fi, Thriller",263836,2000-02-18,"David Twohy"
4,tt0186151,2013-08-06,2013-08-06,,"Frequency","Frequency",https://www.imdb.com/title/tt0186151/,Movie,7.4,118,2000,"Crime, Drama, Mystery, Sci-Fi, Thriller",123560,2000-04-28,"Gregory Hoblit"
5,tt0190332,2013-08-12,2013-08-12,,"Crouching Tiger, Hidden Dragon","Wo hu cang long",https://www.imdb.com/title/tt0190332/,Movie,7.9,120,2000,"Action, Adventure, Drama, Fantasy, Romance",294847,2001-01-12,"Ang Lee"
6,tt0209958,2011-10-26,2011-10-26,,"The Cell","The Cell",https://www.imdb.com/title/tt0209958/,Movie,6.4,107,2000,"Crime, Horror, Sci-Fi, Thriller",116054,2000-08-18,"Tarsem Singh"
7,tt0120737,2011-10-26,2011-10-26,,"The Lord of the Rings: The Fellowship of the Ring","The Lord of the Rings: The Fellowship of the Ring",https://www.imdb.com/title/tt0120737/,Movie,8.9,178,2001,"Adventure, Drama, Fantasy",2206006,2001-12-19,"Peter Jackson"
8,tt0241527,2011-10-26,2011-10-26,,"Harry Potter and the Sorcerer's Stone","Harry Potter and the Sorcerer's Stone",https://www.imdb.com/title/tt0241527/,Movie,7.7,152,2001,"Adventure, Family, Fantasy",952217,2001-11-16,"Chris Columbus"
9,tt0212720,2011-10-26,2011-10-26,,"A.I. Artificial Intelligence","A.I. Artificial Intelligence",https://www.imdb.com/title/tt0212720/,Movie,7.2,146,2001,"Adventure, Drama, Sci-Fi",339151,2001-06-29,"Steven Spielberg"
10,tt0246578,2011-10-26,2011-10-26,,"Donnie Darko","Donnie Darko",https://www.imdb.com/title/tt0246578/,Movie,8.0,113,2001,"Drama, Mystery, Sci-Fi, Thriller",911909,2001-01-19,"Richard Kelly"
11,tt0259711,2011-10-26,2011-10-26,,"Vanilla Sky","Vanilla Sky",https://www.imdb.com/title/tt0259711/,Movie,6.9,136,2001,"Fantasy, Mystery, Romance, Sci-Fi, Thriller",308705,2001-12-14,"Cameron Crowe"
12,tt0146316,2011-10-26,2011-10-26,,"Lara Croft: Tomb Raider","Lara Croft: Tomb Raider",https://www.imdb.com/title/tt0146316/,Movie,5.8,100,2001,"Action, Adventure, Fantasy, Thriller",231070,2001-06-15,"Simon West"
13,tt0167261,2011-10-26,2011-10-26,,"The Lord of the Rings: The Two Towers","The Lord of the Rings: The Two Towers",https://www.imdb.com/title/tt0167261/,Movie,8.8,179,2002,"Adventure, Drama, Fantasy",1956799,2002-12-18,"Peter Jackson"
14,tt0295297,2011-10-26,2011-10-26,,"Harry Potter and the Chamber of Secrets","Harry Potter and the Chamber of Secrets",https://www.imdb.com/title/tt0295297/,Movie,7.5,161,2002,"Adventure, Family, Fantasy, Mystery",766597,2002-11-15,"Chris Columbus"
15,tt0181689,2011-10-26,2011-10-26,,"Minority Report","Minority Report",https://www.imdb.com/title/tt0181689/,Movie,7.6,145,2002,"Action, Crime, Mystery, Sci-Fi, Thriller",621445,2002-06-21,"Steven Spielberg"
16,tt0120804,2016-08-17,2016-08-17,,"Resident Evil","Resident Evil",https://www.imdb.com/title/tt0120804/,Movie,6.6,100,2002,"Action, Horror, Sci-Fi",310768,2002-03-15,"Paul W.S. Anderson"
17,tt0145487,2012-03-19,2012-03-19,,"Spider-Man","Spider-Man",https://www.imdb.com/title/tt0145487/,Movie,7.4,121,2002,"Action, Adventure, Sci-Fi",968213,2002-05-03,"Sam Raimi"
18,tt0286106,2011-10-26,2011-10-26,,"Signs","Signs",https://www.imdb.com/title/tt0286106/,Movie,6.8,106,2002,"Drama, Mystery, Sci-Fi, Thriller",414223,2002-08-02,"M. Night Shyamalan"
19,tt0341455,2012-12-31,2012-12-31,,"Makdee","Makdee",https://www.imdb.com/title/tt0341455/,Movie,7.5,90,2002,"Comedy, Fantasy, Horror, Musical, Thriller",2565,2002-11-22,"Vishal Bhardwaj"
20,tt0238380,2011-10-26,2011-10-26,,"Equilibrium","Equilibrium",https://www.imdb.com/title/tt0238380/,Movie,7.3,107,2002,"Action, Drama, Sci-Fi, Thriller",362319,2002-12-06,"Kurt Wimmer"
21,tt0167260,2011-10-26,2011-10-26,,"The Lord of the Rings: The Return of the King","The Lord of the Rings: The Return of the King",https://www.imdb.com/title/tt0167260/,Movie,9.0,201,2003,"Adventure, Drama, Fantasy",2164052,2003-12-17,"Peter Jackson"
22,tt0290334,2011-10-26,2011-10-26,,"X2: X-Men United","X2",https://www.imdb.com/title/tt0290334/,Movie,7.4,134,2003,"Action, Sci-Fi, Thriller",611726,2003-05-02,"Bryan Singer"
23,tt0325980,2012-03-19,2012-03-19,,"Pirates of the Caribbean: The Curse of the Black Pearl","Pirates of the Caribbean: The Curse of the Black Pearl",https://www.imdb.com/title/tt0325980/,Movie,8.1,143,2003,"Action, Adventure, Fantasy",1325007,2003-07-09,"Gore Verbinski"
24,tt0234215,2012-03-19,2012-03-19,,"The Matrix Reloaded","The Matrix Reloaded",https://www.imdb.com/title/tt0234215/,Movie,7.2,138,2003,"Action, Sci-Fi",670301,2003-05-15,"Lana Wachowski, Lilly Wachowski"
25,tt0242653,2012-03-19,2012-03-19,,"The Matrix Revolutions","The Matrix Revolutions",https://www.imdb.com/title/tt0242653/,Movie,6.7,129,2003,"Action, Sci-Fi",575107,2003-11-05,"Lana Wachowski, Lilly Wachowski"
26,tt0254481,2013-03-10,2013-03-10,,"Koi... Mil Gaya","Koi... Mil Gaya",https://www.imdb.com/title/tt0254481/,Movie,7.2,171,2003,"Action, Comedy, Drama, Fantasy, Romance, Sci-Fi",31325,2003-08-08,"Rakesh Roshan"
27,tt0320691,2011-10-26,2011-10-26,,"Underworld","Underworld",https://www.imdb.com/title/tt0320691/,Movie,7.0,121,2003,"Action, Fantasy, Thriller",300772,2003-09-19,"Len Wiseman"
28,tt0315327,2011-10-26,2011-10-26,,"Bruce Almighty","Bruce Almighty",https://www.imdb.com/title/tt0315327/,Movie,6.8,101,2003,"Comedy, Fantasy",470074,2003-05-23,"Tom Shadyac"
29,tt0287978,2011-10-26,2012-12-31,"Only the Director's Cut.","Daredevil","Daredevil",https://www.imdb.com/title/tt0287978/,Movie,5.3,103,2003,"Action, Crime, Drama, Sci-Fi",241078,2003-02-14,"Mark Steven Johnson"
30,tt0181852,2011-10-26,2011-10-26,,"Terminator 3: Rise of the Machines","Terminator 3: Rise of the Machines",https://www.imdb.com/title/tt0181852/,Movie,6.3,109,2003,"Action, Sci-Fi",437108,2003-07-02,"Jonathan Mostow"
31,tt0322330,2013-08-12,2013-08-12,,"Freaky Friday","Freaky Friday",https://www.imdb.com/title/tt0322330/,Movie,6.4,97,2003,"Comedy, Family, Fantasy, Music, Romance",177467,2003-08-06,"Mark Waters"
32,tt0311429,2012-03-19,2012-03-19,,"The League of Extraordinary Gentlemen","The League of Extraordinary Gentlemen",https://www.imdb.com/title/tt0311429/,Movie,5.8,110,2003,"Action, Adventure, Fantasy, Sci-Fi",191997,2003-07-11,"Stephen Norrington"
33,tt0304141,2011-10-26,2011-10-26,,"Harry Potter and the Prisoner of Azkaban","Harry Potter and the Prisoner of Azkaban",https://www.imdb.com/title/tt0304141/,Movie,7.9,142,2004,"Adventure, Family, Fantasy, Mystery",767459,2004-06-04,"Alfonso Cuarón"
34,tt0316654,2012-03-19,2012-03-19,,"Spider-Man 2","Spider-Man 2",https://www.imdb.com/title/tt0316654/,Movie,7.5,127,2004,"Action, Adventure, Sci-Fi",784913,2004-06-30,"Sam Raimi"
35,tt0343818,2011-10-26,2011-10-26,,"I, Robot","I, Robot",https://www.imdb.com/title/tt0343818/,Movie,7.1,115,2004,"Action, Mystery, Sci-Fi, Thriller",614623,2004-07-16,"Alex Proyas"
36,tt0308644,2011-10-26,2011-10-26,,"Finding Neverland","Finding Neverland",https://www.imdb.com/title/tt0308644/,Movie,7.6,106,2004,"Biography, Drama, Family",217318,2004-12-17,"Marc Forster"
37,tt0339291,2013-08-12,2013-08-12,,"A Series of Unfortunate Events","A Series of Unfortunate Events",https://www.imdb.com/title/tt0339291/,Movie,6.8,108,2004,"Adventure, Comedy, Family, Fantasy",231396,2004-12-17,"Brad Silberling"
38,tt0338013,2011-10-26,2011-10-26,,"Eternal Sunshine of the Spotless Mind","Eternal Sunshine of the Spotless Mind",https://www.imdb.com/title/tt0338013/,Movie,8.3,108,2004,"Drama, Romance, Sci-Fi",1182616,2004-03-19,"Michel Gondry"
39,tt0167190,2011-10-26,2011-10-26,,"Hellboy","Hellboy",https://www.imdb.com/title/tt0167190/,Movie,6.9,122,2004,"Action, Adventure, Fantasy, Horror, Sci-Fi",370573,2004-04-02,"Guillermo del Toro"
40,tt0289879,2011-10-26,2011-10-26,,"The Butterfly Effect","The Butterfly Effect",https://www.imdb.com/title/tt0289879/,Movie,7.6,113,2004,"Drama, Sci-Fi, Thriller",556197,2004-01-23,"Eric Bress, J. Mackye Gruber"
41,tt0296572,2011-10-26,2011-10-26,,"The Chronicles of Riddick","The Chronicles of Riddick",https://www.imdb.com/title/tt0296572/,Movie,6.6,119,2004,"Action, Adventure, Sci-Fi, Thriller",251634,2004-06-11,"David Twohy"
42,tt0414852,2013-08-12,2013-08-12,,"District B13","Banlieue 13",https://www.imdb.com/title/tt0414852/,Movie,7.1,84,2004,"Action, Crime, Sci-Fi, Thriller",77487,2006-06-02,"Pierre Morel"
43,tt0338526,2011-10-29,2011-10-29,,"Van Helsing","Van Helsing",https://www.imdb.com/title/tt0338526/,Movie,6.1,131,2004,"Action, Adventure, Fantasy, Thriller",307090,2004-05-07,"Stephen Sommers"
44,tt0327679,2013-08-12,2013-08-12,,"Ella Enchanted","Ella Enchanted",https://www.imdb.com/title/tt0327679/,Movie,6.3,96,2004,"Comedy, Family, Fantasy, Romance",80742,2004-04-09,"Tommy O'Haver"
45,tt0330373,2011-10-26,2011-10-26,,"Harry Potter and the Goblet of Fire","Harry Potter and the Goblet of Fire",https://www.imdb.com/title/tt0330373/,Movie,7.7,157,2005,"Adventure, Family, Fantasy, Mystery",753001,2005-11-18,"Mike Newell"
46,tt0372784,2011-10-26,2011-10-26,,"Batman Begins","Batman Begins",https://www.imdb.com/title/tt0372784/,Movie,8.2,140,2005,"Action, Crime, Drama, Thriller",1713472,2005-06-15,"Christopher Nolan"
47,tt0379786,2011-10-26,2012-12-31,"Watch the tv show - 'Firefly' before watching this movie. Its the finale for the show. One of the greatest sci-fi shows you'll ever see.","Serenity","Serenity",https://www.imdb.com/title/tt0379786/,Movie,7.8,119,2005,"Action, Adventure, Sci-Fi, Thriller",315454,2005-09-30,"Joss Whedon"
48,tt0360717,2012-03-19,2012-03-19,,"King Kong","King Kong",https://www.imdb.com/title/tt0360717/,Movie,7.2,187,2005,"Action, Adventure, Romance",470636,2005-12-14,"Peter Jackson"
49,tt0360486,2011-10-26,2011-10-26,,"Constantine","Constantine",https://www.imdb.com/title/tt0360486/,Movie,7.0,121,2005,"Action, Fantasy, Horror, Mystery",407720,2005-02-18,"Francis Lawrence"
50,tt0363771,2011-10-26,2011-10-26,,"The Chronicles of Narnia: The Lion, the Witch and the Wardrobe","The Chronicles of Narnia: The Lion, the Witch and the Wardrobe",https://www.imdb.com/title/tt0363771/,Movie,6.9,143,2005,"Adventure, Family, Fantasy",457948,2005-12-09,"Andrew Adamson"
51,tt0407304,2011-10-28,2011-10-28,,"War of the Worlds","War of the Worlds",https://www.imdb.com/title/tt0407304/,Movie,6.6,117,2005,"Action, Adventure, Sci-Fi",507069,2005-06-29,"Steven Spielberg"
52,tt0434409,2011-10-26,2011-10-26,,"V for Vendetta","V for Vendetta",https://www.imdb.com/title/tt0434409/,Movie,8.1,132,2005,"Action, Drama, Sci-Fi, Thriller",1246289,2006-03-17,"James McTeigue"
53,tt0367594,2012-03-19,2012-03-19,,"Charlie and the Chocolate Factory","Charlie and the Chocolate Factory",https://www.imdb.com/title/tt0367594/,Movie,6.7,115,2005,"Adventure, Comedy, Family, Fantasy, Musical",571225,2005-07-15,"Tim Burton"
54,tt0399201,2011-10-26,2011-10-26,,"The Island","The Island",https://www.imdb.com/title/tt0399201/,Movie,6.8,136,2005,"Action, Sci-Fi, Thriller",342295,2005-07-22,"Michael Bay"
55,tt0366627,2011-10-26,2011-10-26,,"The Jacket","The Jacket",https://www.imdb.com/title/tt0366627/,Movie,7.1,103,2005,"Drama, Fantasy, Mystery, Sci-Fi, Thriller",124705,2005-03-04,"John Maybury"
56,tt0482571,2011-10-29,2011-10-29,,"The Prestige","The Prestige",https://www.imdb.com/title/tt0482571/,Movie,8.5,130,2006,"Drama, Mystery, Sci-Fi, Thriller",1587309,2006-10-20,"Christopher Nolan"
57,tt0416449,2012-03-19,2012-03-19,,"300","300",https://www.imdb.com/title/tt0416449/,Movie,7.6,117,2006,"Action, Drama",912348,2007-03-09,"Zack Snyder"
58,tt0457430,2011-10-26,2011-10-26,,"Pan's Labyrinth","El laberinto del fauno",https://www.imdb.com/title/tt0457430/,Movie,8.2,118,2006,"Drama, Fantasy, War",746666,2007-01-19,"Guillermo del Toro"
59,tt0206634,2011-10-26,2011-10-26,,"Children of Men","Children of Men",https://www.imdb.com/title/tt0206634/,Movie,7.9,109,2006,"Drama, Sci-Fi, Thriller",565981,2007-01-05,"Alfonso Cuarón"
60,tt0383574,2012-03-19,2012-03-19,,"Pirates of the Caribbean: Dead Man's Chest","Pirates of the Caribbean: Dead Man's Chest",https://www.imdb.com/title/tt0383574/,Movie,7.4,151,2006,"Action, Adventure, Fantasy",825972,2006-07-07,"Gore Verbinski"
61,tt0443543,2011-10-29,2011-10-29,,"The Illusionist","The Illusionist",https://www.imdb.com/title/tt0443543/,Movie,7.5,110,2006,"Drama, Fantasy, Mystery, Romance, Thriller",404457,2006-09-01,"Neil Burger"
62,tt0808506,2015-03-08,2015-03-08,,"The Girl Who Leapt Through Time","Toki o kakeru shôjo",https://www.imdb.com/title/tt0808506/,Movie,7.6,98,2006,"Animation, Adventure, Comedy, Drama, Family, Fantasy, Mystery, Romance, Sci-Fi",75832,2006-07-15,"Mamoru Hosoda"
63,tt0401855,2011-10-26,2011-10-26,,"Underworld: Evolution","Underworld: Evolution",https://www.imdb.com/title/tt0401855/,Movie,6.7,106,2006,"Action, Fantasy, Thriller",217908,2006-01-20,"Len Wiseman"
64,tt0453467,2013-08-12,2013-08-12,,"Deja Vu","Deja Vu",https://www.imdb.com/title/tt0453467/,Movie,7.1,126,2006,"Action, Crime, Sci-Fi, Thriller",345460,2006-11-22,"Tony Scott"
65,tt0376994,2011-10-26,2011-10-26,,"X-Men: The Last Stand","X-Men: The Last Stand",https://www.imdb.com/title/tt0376994/,Movie,6.6,104,2006,"Action, Adventure, Sci-Fi",572194,2006-05-26,"Brett Ratner"
66,tt0373889,2011-10-26,2011-10-26,,"Harry Potter and the Order of the Phoenix","Harry Potter and the Order of the Phoenix",https://www.imdb.com/title/tt0373889/,Movie,7.5,138,2007,"Action, Adventure, Family, Fantasy, Mystery",700067,2007-07-11,"David Yates"
67,tt0449088,2012-03-19,2012-03-19,,"Pirates of the Caribbean: At World's End","Pirates of the Caribbean: At World's End",https://www.imdb.com/title/tt0449088/,Movie,7.2,169,2007,"Action, Adventure, Fantasy",743889,2007-05-25,"Gore Verbinski"
68,tt0486655,2013-08-09,2013-08-09,,"Stardust","Stardust",https://www.imdb.com/title/tt0486655/,Movie,7.6,127,2007,"Adventure, Fantasy, Romance",298606,2007-08-10,"Matthew Vaughn"
69,tt0884328,2011-10-26,2011-10-26,,"The Mist","The Mist",https://www.imdb.com/title/tt0884328/,Movie,7.1,126,2007,"Horror, Sci-Fi, Thriller",374638,2007-11-21,"Frank Darabont"
70,tt0480249,2011-10-26,2011-10-26,,"I Am Legend","I Am Legend",https://www.imdb.com/title/tt0480249/,Movie,7.2,101,2007,"Drama, Horror, Sci-Fi, Thriller",877315,2007-12-14,"Francis Lawrence"
71,tt0418279,2011-10-26,2011-10-26,,"Transformers","Transformers",https://www.imdb.com/title/tt0418279/,Movie,7.1,144,2007,"Action, Adventure, Sci-Fi",718644,2007-07-03,"Michael Bay"
72,tt0398808,2011-10-26,2011-10-26,,"Bridge to Terabithia","Bridge to Terabithia",https://www.imdb.com/title/tt0398808/,Movie,7.2,96,2007,"Drama, Family, Fantasy",191546,2007-02-16,"Gabor Csupo"
73,tt0385752,2011-10-26,2011-10-26,,"The Golden Compass","The Golden Compass",https://www.imdb.com/title/tt0385752/,Movie,6.1,113,2007,"Adventure, Family, Fantasy",203750,2007-12-07,"Chris Weitz"
74,tt0760329,2012-03-19,2012-03-19,,"The Water Horse","The Water Horse",https://www.imdb.com/title/tt0760329/,Movie,6.4,112,2007,"Adventure, Family, Fantasy, War",44780,2007-12-25,"Jay Russell"
75,tt0435705,2013-08-12,2013-08-12,,"Next","Next",https://www.imdb.com/title/tt0435705/,Movie,6.2,96,2007,"Action, Sci-Fi, Thriller",174909,2007-04-27,"Lee Tamahori"
76,tt0442933,2011-10-26,2011-10-26,,"Beowulf","Beowulf",https://www.imdb.com/title/tt0442933/,Movie,6.3,115,2007,"Animation, Action, Adventure, Fantasy",179754,2007-11-16,"Robert Zemeckis"
77,tt0461770,2013-08-12,2013-08-12,,"Enchanted","Enchanted",https://www.imdb.com/title/tt0461770/,Movie,7.1,107,2007,"Animation, Adventure, Comedy, Family, Fantasy, Musical, Romance",229576,2007-11-21,"Kevin Lima"
78,tt0486576,2011-10-26,2011-10-26,,"Fantastic Four: Rise of the Silver Surfer","4: Rise of the Silver Surfer",https://www.imdb.com/title/tt0486576/,Movie,5.6,92,2007,"Action, Adventure, Fantasy, Sci-Fi",299134,2007-06-15,"Tim Story"
79,tt0448134,2017-11-14,2017-11-14,,"Sunshine","Sunshine",https://www.imdb.com/title/tt0448134/,Movie,7.2,107,2007,"Sci-Fi, Thriller",287238,2007-07-27,"Danny Boyle"
80,tt0468569,2011-10-26,2011-10-26,,"The Dark Knight","The Dark Knight",https://www.imdb.com/title/tt0468569/,Movie,9.1,152,2008,"Action, Crime, Drama, Thriller",3166722,2008-07-18,"Christopher Nolan"
81,tt1099212,2012-03-19,2012-03-19,,"Twilight","Twilight",https://www.imdb.com/title/tt1099212/,Movie,5.4,122,2008,"Drama, Fantasy, Romance",526634,2008-11-21,"Catherine Hardwicke"
82,tt0448157,2011-10-26,2011-10-26,,"Hancock","Hancock",https://www.imdb.com/title/tt0448157/,Movie,6.4,92,2008,"Action, Comedy, Drama, Fantasy",539246,2008-07-02,"Peter Berg"
83,tt0371746,2011-10-26,2011-10-26,,"Iron Man","Iron Man",https://www.imdb.com/title/tt0371746/,Movie,7.9,126,2008,"Action, Adventure, Sci-Fi",1224521,2008-05-02,"Jon Favreau"
84,tt0421715,2013-08-12,2013-08-12,,"The Curious Case of Benjamin Button","The Curious Case of Benjamin Button",https://www.imdb.com/title/tt0421715/,Movie,7.8,166,2008,"Drama, Fantasy, Romance",745433,2008-12-25,"David Fincher"
85,tt0493464,2012-03-19,2012-03-19,,"Wanted","Wanted",https://www.imdb.com/title/tt0493464/,Movie,6.7,110,2008,"Action, Crime, Thriller",428566,2008-06-27,"Timur Bekmambetov"
86,tt0411477,2013-08-12,2013-08-12,,"Hellboy II: The Golden Army","Hellboy II: The Golden Army",https://www.imdb.com/title/tt0411477/,Movie,7.0,120,2008,"Action, Adventure, Fantasy, Horror, Sci-Fi",298852,2008-07-11,"Guillermo del Toro"
87,tt0499448,2012-03-19,2012-03-19,,"The Chronicles of Narnia: Prince Caspian","The Chronicles of Narnia: Prince Caspian",https://www.imdb.com/title/tt0499448/,Movie,6.5,150,2008,"Action, Adventure, Family, Fantasy",239431,2008-05-16,"Andrew Adamson"
88,tt0970411,2011-10-26,2011-10-26,,"City of Ember","City of Ember",https://www.imdb.com/title/tt0970411/,Movie,6.4,90,2008,"Adventure, Drama, Family, Fantasy, Sci-Fi, Thriller",72996,2008-10-10,"Gil Kenan"
89,tt0483607,2011-10-26,2011-10-26,,"Doomsday","Doomsday",https://www.imdb.com/title/tt0483607/,Movie,5.9,105,2008,"Action, Sci-Fi, Thriller",82365,2008-03-14,"Neil Marshall"
90,tt1059786,2011-10-26,2011-10-26,,"Eagle Eye","Eagle Eye",https://www.imdb.com/title/tt1059786/,Movie,6.6,118,2008,"Action, Mystery, Thriller",201817,2008-09-26,"D.J. Caruso"
91,tt0452608,2013-08-12,2013-08-12,,"Death Race","Death Race",https://www.imdb.com/title/tt0452608/,Movie,6.4,105,2008,"Action, Sci-Fi, Thriller",228519,2008-08-22,"Paul W.S. Anderson"
92,tt0800080,2011-10-26,2011-10-26,,"The Incredible Hulk","The Incredible Hulk",https://www.imdb.com/title/tt0800080/,Movie,6.6,112,2008,"Action, Adventure, Sci-Fi",564645,2008-06-13,"Louis Leterrier"
93,tt0462465,2011-10-26,2011-10-26,,"Outlander","Outlander",https://www.imdb.com/title/tt0462465/,Movie,6.2,115,2008,"Action, Adventure, Sci-Fi",81587,2008-07-11,"Howard McCain"
94,tt0417741,2011-10-26,2011-10-26,,"Harry Potter and the Half-Blood Prince","Harry Potter and the Half-Blood Prince",https://www.imdb.com/title/tt0417741/,Movie,7.6,153,2009,"Action, Adventure, Family, Fantasy, Mystery",660247,2009-07-15,"David Yates"
95,tt0452694,2013-08-30,2013-08-30,,"The Time Traveler's Wife","The Time Traveler's Wife",https://www.imdb.com/title/tt0452694/,Movie,7.1,107,2009,"Drama, Fantasy, Romance, Sci-Fi",165833,2009-08-14,"Robert Schwentke"
96,tt0499549,2011-10-26,2011-10-26,,"Avatar","Avatar",https://www.imdb.com/title/tt0499549/,Movie,7.9,162,2009,"Action, Adventure, Fantasy, Sci-Fi",1497437,2009-12-18,"James Cameron"
97,tt0796366,2011-10-26,2011-10-26,,"Star Trek","Star Trek",https://www.imdb.com/title/tt0796366/,Movie,7.9,127,2009,"Action, Adventure, Sci-Fi",638324,2009-05-08,"J.J. Abrams"
98,tt0409459,2011-10-26,2011-10-26,,"Watchmen","Watchmen",https://www.imdb.com/title/tt0409459/,Movie,7.6,162,2009,"Action, Drama, Mystery, Sci-Fi",610828,2009-03-06,"Zack Snyder"
99,tt0433362,2016-10-21,2016-10-21,,"Daybreakers","Daybreakers",https://www.imdb.com/title/tt0433362/,Movie,6.4,98,2009,"Action, Horror, Sci-Fi, Thriller",140979,2010-01-08,"Michael Spierig, Peter Spierig"
100,tt1136608,2013-06-24,2013-06-24,,"District 9","District 9",https://www.imdb.com/title/tt1136608/,Movie,7.9,112,2009,"Action, Sci-Fi, Thriller",752482,2009-08-14,"Neill Blomkamp"
101,tt1017460,2016-02-15,2016-02-15,,"Splice","Splice",https://www.imdb.com/title/tt1017460/,Movie,5.8,104,2009,"Horror, Sci-Fi",106515,2010-06-04,"Vincenzo Natali"
102,tt0448011,2013-08-12,2013-08-12,,"Knowing","Knowing",https://www.imdb.com/title/tt0448011/,Movie,6.2,121,2009,"Mystery, Sci-Fi, Thriller",262076,2009-03-20,"Alex Proyas"
103,tt1055369,2011-10-26,2011-10-26,,"Transformers: Revenge of the Fallen","Transformers: Revenge of the Fallen",https://www.imdb.com/title/tt1055369/,Movie,6.0,149,2009,"Action, Adventure, Sci-Fi",454189,2009-06-24,"Michael Bay"
104,tt0458525,2011-10-26,2011-10-26,,"X-Men Origins: Wolverine","X-Men Origins: Wolverine",https://www.imdb.com/title/tt0458525/,Movie,6.5,107,2009,"Action, Sci-Fi",567798,2009-05-01,"Gavin Hood"
105,tt0926084,2011-10-26,2011-10-26,,"Harry Potter and the Deathly Hallows: Part 1","Harry Potter and the Deathly Hallows: Part 1",https://www.imdb.com/title/tt0926084/,Movie,7.7,146,2010,"Adventure, Family, Fantasy, Mystery",664249,2010-11-19,"David Yates"
106,tt1375666,2011-10-26,2011-10-26,,"Inception","Inception",https://www.imdb.com/title/tt1375666/,Movie,8.8,148,2010,"Action, Adventure, Sci-Fi, Thriller",2816116,2010-07-16,"Christopher Nolan"
107,tt0473075,2011-10-26,2011-10-26,,"Prince of Persia: The Sands of Time","Prince of Persia: The Sands of Time",https://www.imdb.com/title/tt0473075/,Movie,6.5,116,2010,"Action, Adventure, Fantasy",317622,2010-05-28,"Mike Newell"
108,tt0980970,2012-03-19,2012-03-19,,"The Chronicles of Narnia: The Voyage of the Dawn Treader","The Chronicles of Narnia: The Voyage of the Dawn Treader",https://www.imdb.com/title/tt0980970/,Movie,6.3,113,2010,"Adventure, Family, Fantasy",177568,2010-12-10,"Michael Apted"
109,tt1014759,2013-03-10,2013-03-10,,"Alice in Wonderland","Alice in Wonderland",https://www.imdb.com/title/tt1014759/,Movie,6.4,108,2010,"Adventure, Family, Fantasy, Mystery",467732,2010-03-05,"Tim Burton"
110,tt0800320,2011-10-26,2011-10-26,,"Clash of the Titans","Clash of the Titans",https://www.imdb.com/title/tt0800320/,Movie,5.8,106,2010,"Action, Adventure, Fantasy",305084,2010-04-02,"Louis Leterrier"
111,tt1053424,2013-08-12,2013-08-12,,"Repo Men","Repo Men",https://www.imdb.com/title/tt1053424/,Movie,6.3,111,2010,"Action, Sci-Fi, Thriller",114168,2010-03-19,"Miguel Sapochnik"
112,tt1201607,2011-10-26,2011-10-26,,"Harry Potter and the Deathly Hallows: Part 2","Harry Potter and the Deathly Hallows: Part 2",https://www.imdb.com/title/tt1201607/,Movie,8.1,130,2011,"Adventure, Family, Fantasy, Mystery",1045550,2011-07-15,"David Yates"
113,tt1650062,2011-10-28,2011-10-28,,"Super 8","Super 8",https://www.imdb.com/title/tt1650062/,Movie,7.0,112,2011,"Action, Sci-Fi, Thriller",380910,2011-06-10,"J.J. Abrams"
114,tt0800369,2011-10-26,2011-10-26,,"Thor","Thor",https://www.imdb.com/title/tt0800369/,Movie,7.0,115,2011,"Action, Fantasy",965730,2011-05-06,"Kenneth Branagh"
115,tt1270798,2011-10-26,2011-10-26,,"X-Men: First Class","X: First Class",https://www.imdb.com/title/tt1270798/,Movie,7.7,131,2011,"Action, Sci-Fi",763948,2011-06-03,"Matthew Vaughn"
116,tt0945513,2011-10-26,2011-10-26,,"Source Code","Source Code",https://www.imdb.com/title/tt0945513/,Movie,7.5,93,2011,"Action, Drama, Mystery, Sci-Fi, Thriller",582444,2011-04-01,"Duncan Jones"
117,tt1385826,2013-08-12,2013-08-12,,"The Adjustment Bureau","The Adjustment Bureau",https://www.imdb.com/title/tt1385826/,Movie,7.0,106,2011,"Crime, Drama, Mystery, Romance, Sci-Fi, Thriller",282676,2011-03-04,"George Nolfi"
118,tt0458339,2011-10-26,2011-10-26,,"Captain America: The First Avenger","Captain America: The First Avenger",https://www.imdb.com/title/tt0458339/,Movie,6.9,124,2011,"Action, Adventure, Sci-Fi",967206,2011-07-22,"Joe Johnston"
119,tt1562871,2011-11-09,2011-11-09,,"Ra.One","Ra.One",https://www.imdb.com/title/tt1562871/,Movie,5.0,156,2011,"Action, Sci-Fi, Thriller",51911,2011-10-26,"Anubhav Sinha"
120,tt1318514,2013-08-12,2013-08-12,,"Rise of the Planet of the Apes","Rise of the Planet of the Apes",https://www.imdb.com/title/tt1318514/,Movie,7.6,105,2011,"Animation, Action, Drama, Sci-Fi, Thriller",605520,2011-08-05,"Rupert Wyatt"
121,tt0409847,2013-08-12,2013-08-12,,"Cowboys & Aliens","Cowboys & Aliens",https://www.imdb.com/title/tt0409847/,Movie,6.0,119,2011,"Animation, Action, Drama, Sci-Fi, Thriller, Western",241893,2011-07-29,"Jon Favreau"
122,tt0454876,2013-03-10,2013-03-12,"Doesn't truly belong on this list since its an adventure drama. But, the movie is so masterfully crafted, visually sumptuous, emotionally intoxicating and truly fantastical that I think it deserves a spot on this list.","Life of Pi","Life of Pi",https://www.imdb.com/title/tt0454876/,Movie,7.9,127,2012,"Adventure, Drama, Fantasy",700230,2012-11-21,"Ang Lee"
123,tt1735898,2012-06-08,2012-06-08,,"Snow White and the Huntsman","Snow White and the Huntsman",https://www.imdb.com/title/tt1735898/,Movie,6.1,127,2012,"Action, Adventure, Drama, Fantasy",314978,2012-06-01,"Rupert Sanders"
124,tt1345836,2012-08-01,2012-08-01,,"The Dark Knight Rises","The Dark Knight Rises",https://www.imdb.com/title/tt1345836/,Movie,8.4,164,2012,"Action, Crime, Drama, Thriller",1993471,2012-07-20,"Christopher Nolan"
125,tt0848228,2012-06-08,2012-06-08,,"The Avengers","The Avengers",https://www.imdb.com/title/tt0848228/,Movie,8.0,143,2012,"Action, Sci-Fi",1557973,2012-05-04,"Joss Whedon"
126,tt0903624,2013-03-14,2013-03-14,,"The Hobbit: An Unexpected Journey","The Hobbit: An Unexpected Journey",https://www.imdb.com/title/tt0903624/,Movie,7.8,169,2012,"Adventure, Fantasy",927497,2012-12-14,"Peter Jackson"
127,tt1276104,2012-12-31,2012-12-31,,"Looper","Looper",https://www.imdb.com/title/tt1276104/,Movie,7.4,119,2012,"Action, Drama, Sci-Fi, Thriller",628419,2012-09-28,"Rian Johnson"
128,tt1371111,2013-03-19,2013-03-19,,"Cloud Atlas","Cloud Atlas",https://www.imdb.com/title/tt1371111/,Movie,7.3,172,2012,"Drama, Mystery, Sci-Fi, Thriller",386593,2012-10-26,"Tom Tykwer, Lana Wachowski, Lilly Wachowski"
129,tt0401729,2012-03-13,2012-03-13,,"John Carter","John Carter",https://www.imdb.com/title/tt0401729/,Movie,6.6,132,2012,"Animation, Action, Adventure, Sci-Fi",299103,2012-03-09,"Andrew Stanton"
130,tt1704292,2013-08-12,2013-08-12,,"Battlestar Galactica: Blood & Chrome","Battlestar Galactica: Blood & Chrome",https://www.imdb.com/title/tt1704292/,TV Movie,6.9,91,2012,"Action, Sci-Fi",19144,2012-11-09,"Jonas Pate"
131,tt1335975,2014-09-08,2014-09-08,,"47 Ronin","47 Ronin",https://www.imdb.com/title/tt1335975/,Movie,6.2,128,2013,"Action, Drama, Fantasy",179586,2013-12-25,"Carl Rinsch"
132,tt2194499,2014-05-19,2014-05-19,,"About Time","About Time",https://www.imdb.com/title/tt2194499/,Movie,7.8,123,2013,"Comedy, Drama, Fantasy, Romance, Sci-Fi",433968,2013-11-08,"Richard Curtis"
133,tt1815862,2013-09-21,2013-09-21,,"After Earth","After Earth",https://www.imdb.com/title/tt1815862/,Movie,4.8,100,2013,"Animation, Action, Adventure, Drama, Sci-Fi",216648,2013-05-31,"M. Night Shyamalan"
134,tt1559547,2013-07-08,2013-07-08,,"Beautiful Creatures","Beautiful Creatures",https://www.imdb.com/title/tt1559547/,Movie,6.1,124,2013,"Drama, Fantasy, Romance",93368,2013-02-14,"Richard LaGravenese"
135,tt1454468,2013-12-11,2013-12-11,,"Gravity","Gravity",https://www.imdb.com/title/tt1454468/,Movie,7.7,91,2013,"Drama, Sci-Fi, Thriller",900044,2013-10-04,"Alfonso Cuarón"
136,tt1300854,2013-05-06,2013-05-06,,"Iron Man 3","Iron Man Three",https://www.imdb.com/title/tt1300854/,Movie,7.1,130,2013,"Action, Adventure, Sci-Fi",965679,2013-05-03,"Shane Black"
137,tt2358592,2013-12-20,2013-12-20,,"Lucia","Lucia",https://www.imdb.com/title/tt2358592/,Movie,8.3,135,2013,"Drama, Sci-Fi, Thriller",13892,2013-09-06,"Pawan Kumar"
138,tt1483013,2013-07-27,2013-07-27,,"Oblivion","Oblivion",https://www.imdb.com/title/tt1483013/,Movie,7.0,124,2013,"Action, Adventure, Sci-Fi",586173,2013-04-19,"Joseph Kosinski"
139,tt0770828,2013-07-08,2013-07-08,,"Man of Steel","Man of Steel",https://www.imdb.com/title/tt0770828/,Movie,7.1,143,2013,"Action, Adventure, Sci-Fi",866647,2013-06-14,"Zack Snyder"
140,tt1706620,2014-07-14,2014-07-14,,"Snowpiercer","Snowpiercer",https://www.imdb.com/title/tt1706620/,Movie,7.1,126,2013,"Action, Sci-Fi, Thriller",420706,2014-07-11,"Bong Joon Ho"
141,tt1408101,2013-09-08,2013-09-08,,"Star Trek Into Darkness","Star Trek Into Darkness",https://www.imdb.com/title/tt1408101/,Movie,7.7,132,2013,"Action, Adventure, Sci-Fi",510364,2013-05-16,"J.J. Abrams"
142,tt2084989,2013-07-26,2013-07-26,,"Upstream Color","Upstream Color",https://www.imdb.com/title/tt2084989/,Movie,6.5,96,2013,"Drama, Mystery, Sci-Fi",36151,2013-08-30,"Shane Carruth"
143,tt0816711,2013-09-04,2013-09-04,,"World War Z","World War Z",https://www.imdb.com/title/tt0816711/,Movie,7.0,116,2013,"Action, Adventure, Horror, Sci-Fi",783114,2013-06-21,"Marc Forster"
144,tt1981115,2014-02-09,2014-02-09,,"Thor: The Dark World","Thor: The Dark World",https://www.imdb.com/title/tt1981115/,Movie,6.7,112,2013,"Animation, Action, Adventure, Fantasy, Sci-Fi",777600,2013-11-08,"Alan Taylor"
145,tt1843866,2014-08-09,2014-08-09,,"Captain America: The Winter Soldier","Captain America: The Winter Soldier",https://www.imdb.com/title/tt1843866/,Movie,7.7,136,2014,"Action, Adventure, Sci-Fi, Thriller",971598,2014-04-04,"Anthony Russo, Joe Russo"
146,tt2103281,2014-11-13,2014-11-13,,"Dawn of the Planet of the Apes","Dawn of the Planet of the Apes",https://www.imdb.com/title/tt2103281/,Movie,7.6,130,2014,"Animation, Action, Adventure, Drama, Sci-Fi, Thriller",511345,2014-07-11,"Matt Reeves"
147,tt1631867,2014-09-19,2014-09-19,,"Edge of Tomorrow","Edge of Tomorrow",https://www.imdb.com/title/tt1631867/,Movie,7.9,113,2014,"Action, Adventure, Sci-Fi",804321,2014-06-06,"Doug Liman"
148,tt0831387,2014-08-25,2014-08-25,,"Godzilla","Godzilla",https://www.imdb.com/title/tt0831387/,Movie,6.4,123,2014,"Action, Adventure, Sci-Fi, Thriller",464700,2014-05-16,"Gareth Edwards"
149,tt2015381,2014-11-16,2014-11-16,,"Guardians of the Galaxy","Guardians of the Galaxy",https://www.imdb.com/title/tt2015381/,Movie,8.0,121,2014,"Action, Adventure, Comedy, Sci-Fi",1363631,2014-08-01,"James Gunn"
150,tt0816692,2014-11-17,2014-11-17,,"Interstellar","Interstellar",https://www.imdb.com/title/tt0816692/,Movie,8.7,169,2014,"Adventure, Drama, Sci-Fi",2527546,2014-11-07,"Christopher Nolan"
151,tt2872732,2014-11-30,2014-11-30,,"Lucy","Lucy",https://www.imdb.com/title/tt2872732/,Movie,6.4,89,2014,"Action, Sci-Fi, Thriller",579165,2014-07-25,"Luc Besson"
152,tt2397535,2014-11-25,2014-11-25,,"Predestination","Predestination",https://www.imdb.com/title/tt2397535/,Movie,7.4,97,2014,"Action, Drama, Sci-Fi, Thriller",334732,2015-01-09,"Michael Spierig, Peter Spierig"
153,tt1790864,2014-12-02,2014-12-02,,"The Maze Runner","The Maze Runner",https://www.imdb.com/title/tt1790864/,Movie,6.8,113,2014,"Action, Mystery, Sci-Fi, Thriller",562869,2014-09-19,"Wes Ball"
154,tt1877832,2014-10-05,2014-10-05,,"X-Men: Days of Future Past","X-Men: Days of Future Past",https://www.imdb.com/title/tt1877832/,Movie,7.9,132,2014,"Action, Adventure, Sci-Fi, Thriller",787943,2014-05-23,"Bryan Singer"
155,tt1587310,2015-04-12,2015-04-12,,"Maleficent","Maleficent",https://www.imdb.com/title/tt1587310/,Movie,6.9,97,2014,"Adventure, Drama, Family, Fantasy, Romance",424269,2014-05-30,"Robert Stromberg"
156,tt0470752,2015-05-24,2015-05-24,,"Ex Machina","Ex Machina",https://www.imdb.com/title/tt0470752/,Movie,7.7,108,2014,"Drama, Sci-Fi, Thriller",639155,2015-04-24,"Alex Garland"
157,tt1392190,2015-08-22,2015-08-22,,"Mad Max: Fury Road","Mad Max: Fury Road",https://www.imdb.com/title/tt1392190/,Movie,8.1,120,2015,"Action, Adventure, Sci-Fi",1206007,2015-05-15,"George Miller"
158,tt0369610,2015-09-13,2015-09-13,,"Jurassic World","Jurassic World",https://www.imdb.com/title/tt0369610/,Movie,6.9,124,2015,"Action, Adventure, Sci-Fi",729340,2015-06-12,"Colin Trevorrow"
159,tt3659388,2016-01-18,2016-01-18,,"The Martian","The Martian",https://www.imdb.com/title/tt3659388/,Movie,8.0,144,2015,"Adventure, Drama, Sci-Fi",1012337,2015-10-02,"Ridley Scott"
160,tt1343727,2016-02-16,2016-02-16,,"Dredd","Dredd",https://www.imdb.com/title/tt1343727/,Movie,7.1,95,2012,"Action, Crime, Sci-Fi",312100,2012-09-21,"Pete Travis"
161,tt3498820,2016-09-13,2016-09-13,,"Captain America: Civil War","Captain America: Civil War",https://www.imdb.com/title/tt3498820/,Movie,7.8,147,2016,"Action, Sci-Fi",927035,2016-05-06,"Anthony Russo, Joe Russo"
162,tt4520364,2016-12-27,2016-12-27,,"Morgan","Morgan",https://www.imdb.com/title/tt4520364/,Movie,5.9,92,2016,"Action, Horror, Sci-Fi, Thriller",49758,2016-09-02,"Luke Scott"
163,tt2543164,2017-02-04,2017-02-04,,"Arrival","Arrival",https://www.imdb.com/title/tt2543164/,Movie,7.9,116,2016,"Drama, Mystery, Sci-Fi",863349,2016-11-11,"Denis Villeneuve"
164,tt2660888,2017-02-10,2017-02-10,,"Star Trek Beyond","Star Trek Beyond",https://www.imdb.com/title/tt2660888/,Movie,7.0,122,2016,"Action, Adventure, Sci-Fi, Thriller",270022,2016-07-22,"Justin Lin"
165,tt3183660,2017-02-27,2017-02-27,,"Fantastic Beasts and Where to Find Them","Fantastic Beasts and Where to Find Them",https://www.imdb.com/title/tt3183660/,Movie,7.2,132,2016,"Adventure, Family, Fantasy",540451,2016-11-18,"David Yates"
166,tt1355644,2017-03-03,2017-03-03,,"Passengers","Passengers",https://www.imdb.com/title/tt1355644/,Movie,7.0,116,2016,"Drama, Romance, Sci-Fi, Thriller",496636,2016-12-21,"Morten Tyldum"
167,tt3501632,2018-01-22,2018-01-22,,"Thor: Ragnarok","Thor: Ragnarok",https://www.imdb.com/title/tt3501632/,Movie,7.9,130,2017,"Action, Adventure, Comedy, Fantasy, Sci-Fi",894565,2017-11-03,"Taika Waititi"
168,tt2239822,2018-01-27,2018-01-27,,"Valerian and the City of a Thousand Planets","Valerian and the City of a Thousand Planets",https://www.imdb.com/title/tt2239822/,Movie,6.4,136,2017,"Animation, Action, Adventure, Fantasy, Sci-Fi",209519,2017-07-21,"Luc Besson"
169,tt5580390,2018-03-05,2018-03-05,,"The Shape of Water","The Shape of Water",https://www.imdb.com/title/tt5580390/,Movie,7.3,123,2017,"Drama, Fantasy, Romance, Sci-Fi",476019,2017-12-22,"Guillermo del Toro"
170,tt2798920,2018-03-13,2018-03-13,,"Annihilation","Annihilation",https://www.imdb.com/title/tt2798920/,Movie,6.8,115,2018,"Adventure, Drama, Horror, Mystery, Sci-Fi, Thriller",393733,2018-02-23,"Alex Garland"
171,tt1856101,2018-03-23,2018-03-23,,"Blade Runner 2049","Blade Runner 2049",https://www.imdb.com/title/tt1856101/,Movie,8.0,164,2017,"Action, Drama, Mystery, Sci-Fi, Thriller",753707,2017-10-06,"Denis Villeneuve"
172,tt4154756,2018-04-29,2018-04-29,,"Avengers: Infinity War","Avengers: Infinity War",https://www.imdb.com/title/tt4154756/,Movie,8.4,149,2018,"Action, Adventure, Sci-Fi",1371503,2018-04-27,"Anthony Russo, Joe Russo"
173,tt1270797,2018-11-03,2018-11-03,,"Venom","Venom",https://www.imdb.com/title/tt1270797/,Movie,6.6,112,2018,"Action, Adventure, Sci-Fi",606528,2018-10-05,"Ruben Fleischer"
174,tt1571234,2019-03-12,2019-03-12,,"Mortal Engines","Mortal Engines",https://www.imdb.com/title/tt1571234/,Movie,6.1,128,2018,"Animation, Action, Adventure, Fantasy, Sci-Fi, Thriller",153145,2018-12-14,"Christian Rivers"
175,tt1477834,2019-03-20,2019-03-20,,"Aquaman","Aquaman",https://www.imdb.com/title/tt1477834/,Movie,6.8,143,2018,"Action, Adventure, Fantasy, Sci-Fi",553262,2018-12-21,"James Wan"
176,tt4633694,2019-03-21,2019-03-21,,"Spider-Man: Into the Spider-Verse","Spider-Man: Into the Spider-Verse",https://www.imdb.com/title/tt4633694/,Movie,8.4,117,2018,"Animation, Action, Adventure, Family, Fantasy, Sci-Fi",788839,2018-12-14,"Bob Persichetti, Peter Ramsey, Rodney Rothman"
177,tt4154796,2019-04-27,2019-04-27,,"Avengers: Endgame","Avengers: Endgame",https://www.imdb.com/title/tt4154796/,Movie,8.4,181,2019,"Action, Adventure, Sci-Fi",1445873,2019-04-26,"Anthony Russo, Joe Russo"
178,tt0437086,2019-07-26,2019-07-26,,"Alita: Battle Angel","Alita: Battle Angel",https://www.imdb.com/title/tt0437086/,Movie,7.3,122,2019,"Animation, Action, Adventure, Sci-Fi, Thriller",323638,2019-02-14,"Robert Rodriguez"
179,tt6499752,2019-09-13,2019-09-13,,"Upgrade","Upgrade",https://www.imdb.com/title/tt6499752/,Movie,7.5,100,2018,"Action, Sci-Fi, Thriller",233706,2018-06-01,"Leigh Whannell"
180,tt0451279,2020-02-27,2020-02-27,,"Wonder Woman","Wonder Woman",https://www.imdb.com/title/tt0451279/,Movie,7.3,141,2017,"Action, Adventure, Fantasy, Sci-Fi, War",735454,2017-06-02,"Patty Jenkins"
181,tt2119543,2020-03-03,2020-03-03,,"The House with a Clock in Its Walls","The House with a Clock in Its Walls",https://www.imdb.com/title/tt2119543/,Movie,6.1,105,2018,"Comedy, Family, Fantasy, Mystery, Sci-Fi",59863,2018-09-21,"Eli Roth"
182,tt2283362,2020-03-08,2020-03-08,,"Jumanji: Welcome to the Jungle","Jumanji: Welcome to the Jungle",https://www.imdb.com/title/tt2283362/,Movie,6.9,119,2017,"Action, Adventure, Comedy, Fantasy",503139,2017-12-20,"Jake Kasdan"
183,tt7975244,2020-03-11,2020-03-11,,"Jumanji: The Next Level","Jumanji: The Next Level",https://www.imdb.com/title/tt7975244/,Movie,6.6,123,2019,"Action, Adventure, Comedy, Fantasy",319420,2019-12-13,"Jake Kasdan"
184,tt12361974,2021-03-19,2021-03-19,,"Zack Snyder's Justice League","Zack Snyder's Justice League",https://www.imdb.com/title/tt12361974/,Movie,7.9,242,2021,"Action, Adventure, Fantasy, Sci-Fi",472997,2021-03-18,"Zack Snyder"
185,tt9484998,2021-03-22,2021-03-22,,"Palm Springs","Palm Springs",https://www.imdb.com/title/tt9484998/,Movie,7.4,90,2020,"Comedy, Fantasy, Mystery, Romance, Sci-Fi",214282,2020-07-10,"Max Barbakow"
186,tt7638348,2021-03-22,2021-03-22,,"Boss Level","Boss Level",https://www.imdb.com/title/tt7638348/,Movie,6.8,100,2020,"Action, Adventure, Comedy, Mystery, Sci-Fi, Thriller",90186,2021-03-05,"Joe Carnahan"
187,tt2222042,2021-03-23,2021-03-23,,"Love and Monsters","Love and Monsters",https://www.imdb.com/title/tt2222042/,Movie,6.9,109,2020,"Animation, Action, Adventure, Comedy, Fantasy, Sci-Fi",159667,2020-10-16,"Michael Matthews"
188,tt5034838,2021-03-31,2021-03-31,,"Godzilla vs. Kong","Godzilla vs. Kong",https://www.imdb.com/title/tt5034838/,Movie,6.3,113,2021,"Action, Sci-Fi, Thriller",267194,2021-03-31,"Adam Wingard"
189,tt11866324,2022-08-17,2022-08-17,,"Prey","Prey",https://www.imdb.com/title/tt11866324/,Movie,7.1,100,2022,"Action, Adventure, Horror, Sci-Fi, Thriller",272751,2022-08-05,"Dan Trachtenberg"
190,tt1188729,2023-04-07,2023-04-07,,"Pandorum","Pandorum",https://www.imdb.com/title/tt1188729/,Movie,6.7,108,2009,"Action, Horror, Mystery, Sci-Fi, Thriller",167812,2009-09-25,"Christian Alvart"
191,tt2906216,2023-05-06,2023-05-06,,"Dungeons & Dragons: Honor Among Thieves","Dungeons & Dragons: Honor Among Thieves",https://www.imdb.com/title/tt2906216/,Movie,7.2,134,2023,"Action, Adventure, Comedy, Fantasy",273542,2023-03-31,"John Francis Daley, Jonathan Goldstein"
192,tt3480822,2023-05-15,2023-05-15,,"Black Widow","Black Widow",https://www.imdb.com/title/tt3480822/,Movie,6.6,134,2021,"Action, Adventure, Sci-Fi",477213,2021-07-09,"Cate Shortland"
193,tt12838766,2023-07-07,2023-07-07,,"Space Sweepers","Seungriho",https://www.imdb.com/title/tt12838766/,Movie,6.5,136,2021,"Action, Adventure, Drama, Fantasy, Sci-Fi",31148,2021-02-05,"Jo Sung-hee"
194,tt0439572,2023-07-30,2023-07-30,,"The Flash","The Flash",https://www.imdb.com/title/tt0439572/,Movie,6.6,144,2023,"Action, Adventure, Fantasy, Sci-Fi",247390,2023-06-16,"Andy Muschietti"
195,tt19874970,2024-08-12,2024-08-12,,"Blink","Blink",https://www.imdb.com/title/tt19874970/,Movie,6.9,136,2024,"Sci-Fi, Thriller",1754,2024-03-08,"Srinidhi Bengaluru"
196,tt15433956,2024-08-18,2024-08-18,,"Hanu Man","Hanu Man",https://www.imdb.com/title/tt15433956/,Movie,7.7,158,2024,"Action, Adventure, Fantasy",30428,2024-01-12,"Prasanth Varma"
197,tt3315342,2024-12-20,2024-12-20,,"Logan","Logan",https://www.imdb.com/title/tt3315342/,Movie,8.1,137,2017,"Action, Drama, Sci-Fi, Thriller",925809,2017-03-03,"James Mangold"
198,tt23289160,2025-04-16,2025-04-16,,"Godzilla Minus One","Gojira Mainasu Wan",https://www.imdb.com/title/tt23289160/,Movie,7.6,124,2023,"Action, Adventure, Drama, Horror, Sci-Fi",207499,2023-12-01,"Takashi Yamazaki"
199,tt26439764,2025-10-15,2025-10-15,,"Kantara: A Legend - Chapter 1","Kantara: A Legend - Chapter 1",https://www.imdb.com/title/tt26439764/,Movie,8.1,165,2025,"Action, Adventure, Drama, Fantasy, Thriller",56432,2025-10-03,"Rishab Shetty"
200,tt34365591,2025-12-23,2025-12-23,,"Mahavatar Narsimha","Mahavatar Narsimha",https://www.imdb.com/title/tt34365591/,Movie,8.5,130,2024,"Animation, Action, Drama, Fantasy",47200,2025-08-01,"Ashwin Kumar"
201,tt31434030,2026-03-11,2026-03-11,,"Dracula","Dracula: A Love Tale",https://www.imdb.com/title/tt31434030/,Movie,6.2,129,2025,"Fantasy, Horror, Romance",36979,2026-02-06,"Luc Besson"
